{"1": [148.625, 119.3, 46.69230769230769, 11.81132075471698, 6.223300970873787, 1.4751491053677932, 0.8639082751744765, 0.37387567459524285, 0.3127561731480556, 0.26345419274843507, 0.25722228333150005, 0.2522384865690806, 0.25161524515426453, 0.2511304493217304, 0.2510705746788276, 0.2510226449386413], "2": [110.5, 88.8, 34.88461538461539, 8.933962264150944, 4.737864077669903, 1.1709741550695825, 0.7113659022931207, 0.3432940235858485, 0.2975107467759672, 0.26039437633741974, 0.2556923292301231, 0.25193248840506954, 0.25146224561326314, 0.2510998493400904, 0.2510552746834176, 0.2510195799388252], "4": [90.9375, 73.15, 29.01923076923077, 7.4575471698113205, 3.9757281553398056, 1.014910536779324, 0.6331006979062812, 0.3277033779732161, 0.2897380785764271, 0.2588244705317681, 0.2549073527794166, 0.2517754893470639, 0.25138499584501245, 0.2510841243495254, 0.25104741218577636, 0.2510179949389203], "8": [81.15625, 65.225, 26.009615384615383, 6.71933962264151, 3.5946601941747574, 0.9368787276341949, 0.5939680957128615, 0.32010793523885667, 0.285851744476657, 0.2580395176289423, 0.25451486455406336, 0.2516997398015612, 0.2513466209601371, 0.2510762993542204, 0.2510434996869501, 0.2510172436889654], "16": [73.33582089552239, 59.51204819277108, 24.286729857819907, 6.366039952996474, 3.417625681405209, 0.9015650229785119, 0.577191452245966, 0.31670435097625266, 0.28410631611173937, 0.2576866974730361, 0.25433845546173217, 0.2516659581295169, 0.2513294176374813, 0.2510727711911084, 0.2510417293554488, 0.251016910247672], "32": [68.73021582733813, 56.19590643274854, 23.460187353629976, 6.184827182190978, 3.329452676141518, 0.8867883528900478, 0.5696109882580123, 0.3150424403680039, 0.28325372453585834, 0.25751434122843037, 0.25426321682368747, 0.2516496608428931, 0.25132101902034265, 0.25107101647125774, 0.2510409207456921, 0.2510167466507551], "64": [66.66077738515901, 54.726224783861674, 22.948777648428404, 6.119040655162328, 3.2994410031726846, 0.8798535025916385, 0.5658294274280198, 0.3142130854196659, 0.28282821971856503, 0.2574495682951698, 0.2542297380761502, 0.2516414340789355, 0.25131681190028426, 0.2510702844237741, 0.2510406125345404, 0.2510166671960468]}