{"1": [49.52, 27.08695652173913, 6.381642512077295, 1.6683266932270917, 1.07455919395466, 0.5351100693028944, 0.5029351716553554, 0.5029351716553554, 0.4360569070366065, 0.4217920048753084], "2": [35.88461538461539, 20.91111111111111, 4.951219512195122, 1.3738083291520322, 0.9243229562136168, 0.5183151579857139, 0.501596874506548, 0.501596874506548, 0.43602675105618055, 0.4217981774360989], "4": [30.155339805825243, 17.53072625698324, 4.231812577065352, 1.2313944627889255, 0.8411898159818503, 0.5113992408997121, 0.5007633743310128, 0.5007633743310128, 0.4360561776222227, 0.4218063890513475], "8": [27.346341463414635, 15.534246575342467, 3.835683629675046, 1.148780179496903, 0.8072220462464365, 0.5073237804839233, 0.5003393248898945, 0.5003393248898945, 0.43601401602080186, 0.4217868900285198], "16": [25.461722488038276, 14.575101488497971, 3.6980489315577576, 1.1192048774291883, 0.7925373134328358, 0.5052779934080758, 0.5002322414853013, 0.5002322414853013, 0.43600980230819, 0.4217747545318995], "32": [24.494687131050767, 14.229674796747968, 3.6063320463320463, 1.0998924867189477, 0.7831648017244112, 0.50465904985621, 0.5001517757443736, 0.5001517757443736, 0.43601090476124454, 0.4217749597841279], "64": [24.225235849056602, 14.076454668470907, 3.5678879310344827, 1.093994364770317, 0.7795871123232067, 0.5042405318131397, 0.5000916821672137, 0.5000916821672137, 0.43601441249745077, 0.42178216721344386]}