{"1": [47.61538461538461, 25.958333333333332, 6.5073891625615765, 1.6783567134268538, 1.0832910106653124, 0.5931182356544823, 0.5345652616575035, 0.5031069820508118, 0.5033016080053804, 0.5106803849848179, 0.5164335580635747, 0.4360544193431231, 0.42182715715810104, 0.4103802039543314, 0.40897042922771587, 0.4078309389996457], "2": [37.32, 20.456521739130434, 5.012345679012346, 1.389142567224759, 0.9229214051048774, 0.5600203458799593, 0.5192523174085769, 0.5000636783682036, 0.5013849005111912, 0.510480273490132, 0.5163664501589487, 0.4360517611779144, 0.4217963081308122, 0.4104002392550573, 0.40897344027493804, 0.4078310926432302], "4": [30.752475247524753, 16.962162162162162, 4.231812577065352, 1.221466364323507, 0.8452380952380952, 0.5449682891418965, 0.5109176973583753, 0.49856946684296743, 0.5006696576343517, 0.5103630447103475, 0.5162761419049479, 0.43602576874983207, 0.4217911119143222, 0.4103940500731585, 0.4089668692859731, 0.4078306237933443], "8": [27.082125603864736, 15.662983425414364, 3.8617283950617285, 1.1535922823051536, 0.8091700006350416, 0.5374130595398844, 0.5075790385448246, 0.49760922742709573, 0.5005129851148341, 0.51016804662904, 0.5162722365433241, 0.4360210400848311, 0.42177710346394043, 0.41039385336007117, 0.40896965856209827, 0.40783146082669136], "16": [25.340476190476192, 14.754794520547945, 3.6934735539746364, 1.115662192960243, 0.7918834877522528, 0.5332684317356087, 0.5053728541199306, 0.4972725819833139, 0.5002703057224581, 0.5101644554356032, 0.5162112548125551, 0.4360139972393629, 0.4217766169931761, 0.41039196686755575, 0.40896985226719007, 0.4078302876294598]}