{"1": [0.6405939685526411, 0.6449250310989013, 0.6165834069356881, 0.6515331929496586, 0.6714793238361257, 0.7901633196512767, 1.740542065085462, 1.7933026723947227, 25.630367245305283, 31.415850769623916], "2": [0.6427526620405817, 0.6422326250016055, 0.6460208501588923, 0.6587824624743066, 0.6761317794601794, 0.8859180853043119, 2.670511507442619, 2.70259833247682, 38.93538412770653, 35.994428946549775], "4": [0.6196614168095416, 0.6217652936355622, 0.6257067017030499, 0.6447330315362584, 0.6678830672626599, 1.0292081438252512, 4.119171750905874, 4.109779760012621, 35.84522866110852, 35.40023723592267], "8": [0.5898860554441451, 0.5791543440991539, 0.5736806720187732, 0.6177152333886942, 0.6545478820037692, 1.2300806788341407, 6.0165939903375865, 6.01195788775051, 30.01069357320059, 29.377728065570274], "16": [0.5260850946165158, 0.5190977414166469, 0.5290078627475087, 0.5144231993366789, 0.5532334342081369, 1.4636126463205898, 9.36591678021525, 9.892909644002676, 28.706410544702923, 28.381477077990304], "32": [0.45156782101863635, 0.45904125757002634, 0.49684861684361326, 0.5431558183123306, 0.6002766474433762, 1.667244161719098, 13.537303230841047, 13.181102514413714, 28.193083061479427, 30.853111496306454], "64": [0.45172379082973224, 0.4204482189490724, 0.45048026043399725, 0.5067420266410262, 0.5835994687757731, 1.94925751999148, 13.367900581626095, 12.663423688459938, 30.100208194702294, 29.08762939240643]}